incumbents_level,count,mean
시니어 (10년차 ~),218,0.30275229357798167
주니어 (0~3년차),530,0.2962264150943396
