column,token,token_count,token_rate,non_token_rate,risk_diff,lift_vs_base
onedayclass_topic,데이터 시각화 (Matplotlib,427,0.3161592505854801,0.27414330218068533,0.04201594840479478,1.0604803562239422
onedayclass_topic,Seaborn 등),427,0.3161592505854801,0.27414330218068533,0.04201594840479478,1.0604803562239422
onedayclass_topic,Python 응용,333,0.3213213213213213,0.27951807228915665,0.04180324903216465,1.0777952840733107
onedayclass_topic,웹 크롤링,181,0.32044198895027626,0.291005291005291,0.02943669794498527,1.0748457745955453
onedayclass_topic,SQL 응용,262,0.3053435114503817,0.294238683127572,0.011104828322809679,1.0242015541026255
onedayclass_topic,머신러닝 / 딥러닝 응용,394,0.2969543147208122,0.2994350282485876,-0.002480713527775402,0.9960620063281054
