column,token,token_count,token_rate,non_token_rate,risk_diff,lift_vs_base
desired_certificate,정보처리기사,289,0.314878892733564,0.2875816993464052,0.027297193387158802,1.0561857029807438
desired_certificate,빅데이터 분석 기사,460,0.3065217391304348,0.2847222222222222,0.02179951690821258,1.028153636186391
desired_certificate,태블로 관련 자격증,140,0.3142857142857143,0.2944078947368421,0.01987781954887219,1.0541960281870595
desired_certificate,구글 애널리스트,150,0.3,0.2976588628762542,0.0023411371237457845,1.0062780269058296
desired_certificate,SQLD,411,0.2798053527980535,0.32047477744807124,-0.040669424650017716,0.9385399277710494
desired_certificate,ADsP,349,0.2693409742120344,0.3233082706766917,-0.05396729646465731,0.9034396803165996
