column,token,token_count,token_rate,non_token_rate,risk_diff,lift_vs_base
incumbents_company_level,스타트업 C-level,43,0.32558139534883723,0.29645390070921984,0.02912749463961739,1.0920846803629158
incumbents_company_level,국내 대기업 IT 계열 (금융,296,0.30405405405405406,0.2942477876106195,0.009806266443434575,1.0198763786207732
incumbents_company_level,제조 ...),296,0.30405405405405406,0.2942477876106195,0.009806266443434575,1.0198763786207732
incumbents_company_level,국내 빅테크 IT 계열 (네카라쿠배당토),283,0.303886925795053,0.2946236559139785,0.00926326988107451,1.0193157869717473
incumbents_company_level,해외 기업 (빅테크),113,0.25663716814159293,0.30551181102362207,-0.04887464288202914,0.8608278106274058
