col_a,col_b,corr,abs_corr
class1,class3,0.870051649658565,0.870051649658565
