column,count,mean,std,min,p1,p5,p25,p50,p75,p95,p99,max,nunique
school1,748,27.90909090909091,21.401429288987618,0.0,0.0,1.0,13.0,24.0,38.0,73.0,84.52999999999997,91.0,92
major_data,748,0.43716577540106955,0.4963680558948015,0.0,0.0,0.0,0.0,0.0,1.0,1.0,1.0,1.0,2
class1,748,4.970588235294118,3.4129748770852513,1.0,1.0,1.0,2.0,4.0,7.0,13.0,13.0,13.0,10
class2,169,6.224852071005917,3.4653519896989637,2.0,2.0,2.0,4.0,5.0,8.0,13.0,13.0,13.0,9
class3,14,8.285714285714286,3.172685623558386,5.0,5.0,5.0,6.0,7.0,12.0,12.35,12.87,13.0,5
completed_semester,720,65.12502777777779,1068.2236427673636,0.0,2.0,3.0,5.0,6.0,8.0,8.0,10.0,20241.0,13
time_input,748,2.3264705882352943,1.365924905155239,0.0,1.0,1.0,2.0,2.0,3.0,4.0,6.0,24.0,14
