column,corr_with_target,missing_rate
major_data,-0.07946961601164196,0.0
class1,0.039895813145463775,0.0
completed_semester,-0.035692095747107515,0.0374331550802139
time_input,0.026114800318987844,0.0
school1,0.022448178323317313,0.0
class2,0.01255799980017619,0.7740641711229946
