column,n_valid,n_bins,spearman_rho_bin_vs_target_rate,spearman_pvalue,target_rate_min_bin,target_rate_max_bin,target_rate_range
class2,169,7,-0.1785714285714286,0.7016579425162729,0.25,0.4444444444444444,0.19444444444444442
class1,748,7,0.3214285714285715,0.4820720382996776,0.25862068965517243,0.4520547945205479,0.1934341048653755
completed_semester,720,6,0.4285714285714286,0.3965014577259474,0.20454545454545456,0.3902439024390244,0.18569844789356985
school1,748,10,0.23636363636363633,0.5108853175152002,0.2,0.3783783783783784,0.1783783783783784
time_input,748,5,-0.3,0.6238376647810728,0.2727272727272727,0.3793103448275862,0.10658307210031348
