major1_1,count,mean
교육학,10,0.5
인문학,48,0.4375
예체능,15,0.4
사회과학,57,0.38596491228070173
경제통상학,36,0.3611111111111111
,20,0.35
자연과학,97,0.29896907216494845
의약학,29,0.27586206896551724
경영학,178,0.2640449438202247
IT(컴퓨터 공학 포함),253,0.25691699604743085
법학,3,0.0
기타,2,0.0
