previous_class_3,count,mean
해당없음,144,0.4166666666666667
,602,0.2707641196013289
0005 : 데이터 분석 입문반 (통계),1,0.0
0006 : 데이터 분석 전처리반(판다스),1,0.0
