re_registration,count,mean
예,146,0.410958904109589
아니요,602,0.2707641196013289
