inflow_route,count,mean
기존 학회원 또는 운영진,150,0.4066666666666667
"대외활동 사이트(링커리어, 캠퍼스픽, 캠퍼즈, 위비티 등)",55,0.36363636363636365
지인 추천,78,0.2692307692307692
에브리타임,340,0.2647058823529412
인스타그램,121,0.256198347107438
기타,2,0.0
교내 플랫폼 (에브리타임 X),1,0.0
인터넷 검색,1,0.0
