incumbents_lecture_scale,count,mean
100명 이상의 리스너와 3명의 현직자,1,1.0
10명 내외의 강의 리스너와 1명의 현직자,105,0.3238095238095238
100명 이상의 리스너와 10명 이상의 현직자,199,0.3015075376884422
3~50명 내외의 강의 리스너와 1명의 현직자,441,0.29024943310657597
...,1,0.0
100명 이상의 리스너와 1-2명의 현직자,1,0.0
