major1_2,count,mean
사회과학,19,0.5789473684210527
예체능,4,0.5
인문학,2,0.5
IT(컴퓨터 공학 포함),139,0.39568345323741005
경제통상학,18,0.3888888888888889
,439,0.27107061503416857
자연과학,53,0.2641509433962264
기타,4,0.25
경영학,66,0.19696969696969696
의약학,3,0.0
교육학,1,0.0
