whyBDA,count,mean
이전 기수에 매우 만족해서,146,0.410958904109589
"BDA 학회원만의 혜택을 누리고 싶어서(현직자 강연, 잡 페스티벌, 기업연계 공모전 등)",64,0.375
"학회 가입 시 코딩 테스트, 면접 등을 보지 않아서",23,0.30434782608695654
시간적으로 부담이 없어서,29,0.27586206896551724
혼자 공부하기 어려워서,271,0.2693726937269373
"큰 규모인 만큼, 커리큘럼이나 운영 등 관리가 잘 될것 같아서",159,0.2641509433962264
현직자의 강의를 듣고 싶어서,56,0.16071428571428573
