previous_class_5,count,mean
0004 : 데이터 분석 입문반 (머신러닝),1,1.0
0001 : 파이썬 문법 기초반,6,0.5
0006 : 데이터 분석 전처리반(판다스),2,0.5
해당없음,136,0.40441176470588236
,602,0.2707641196013289
0005 : 데이터 분석 입문반 (통계),1,0.0
