job,count,mean
대학생,662,0.30513595166163143
취준생,48,0.2916666666666667
직장인,29,0.20689655172413793
대학원생,9,0.1111111111111111
