desired_career_path,count,mean
창업,8,0.375
대학원 진학,143,0.3356643356643357
취업,573,0.2914485165794066
이직,24,0.20833333333333334
