previous_class_4,count,mean
0001 : 파이썬 문법 기초반,1,1.0
0009 : 데이터 분석 개념반,1,1.0
해당없음,143,0.40559440559440557
,602,0.2707641196013289
0005 : 데이터 분석 입문반 (통계),1,0.0
