hope_for_group,count,mean
네. 온라인으로 참여하고 싶어요,265,0.33962264150943394
아니요. 개인적으로 학회 활동을 하고 싶어요,116,0.31896551724137934
네. 오프라인으로 참여하고 싶어요,367,0.2615803814713896
