major type,count,mean
,22,0.36363636363636365
"복수 전공 ( 다중전공, 이중전공 포함 )",315,0.33650793650793653
단일 전공,410,0.2658536585365854
단일 전공공학 (컴퓨터 공학 제외),1,0.0
