incumbents_lecture_type,count,mean
온라인,131,0.366412213740458
"온, 오프라인 동시",511,0.29158512720156554
오프라인,106,0.24528301886792453
