project_type,count,mean
개인,221,0.3031674208144796
팀,527,0.29601518026565465
